event_label,tournament,player,best_odds,best_decimal,best_implied_raw,best_book,dk_odds,dk_implied_raw,avg_novig_prob
masters,Masters Tournament Winner,Scottie Scheffler,300,4.0,0.25,bovada,300.0,0.25,0.16070912511298074
masters,Masters Tournament Winner,Rory McIlroy,850,9.5,0.105263,espnbet,600.0,0.142857,0.07617065681617914
masters,Masters Tournament Winner,Bryson DeChambeau,1600,17.0,0.058824,betrivers,1000.0,0.090909,0.04310507796241838
masters,Masters Tournament Winner,Jon Rahm,1600,17.0,0.058824,betrivers,1000.0,0.090909,0.0415932038382983
masters,Masters Tournament Winner,Xander Schauffele,2200,23.0,0.043478,espnbet,1800.0,0.052632,0.032897486618629575
masters,Masters Tournament Winner,Tommy Fleetwood,2000,21.0,0.047619,espnbet,1600.0,0.058824,0.03260919529300101
masters,Masters Tournament Winner,Ludvig Aberg,2600,27.0,0.037037,draftkings,2600.0,0.037037,0.03139953037750533
masters,Masters Tournament Winner,Justin Rose,3000,31.0,0.032258,draftkings,3000.0,0.032258,0.02421498072490425
masters,Masters Tournament Winner,Collin Morikawa,3500,36.0,0.027778,fanduel,2500.0,0.038462,0.023384511480310732
masters,Masters Tournament Winner,Patrick Reed,3500,36.0,0.027778,draftkings,3500.0,0.027778,0.0228144745556367
masters,Masters Tournament Winner,Hideki Matsuyama,3500,36.0,0.027778,draftkings,3500.0,0.027778,0.021565540019951496
masters,Masters Tournament Winner,Viktor Hovland,3500,36.0,0.027778,espnbet,3500.0,0.027778,0.017675723464773734
masters,Masters Tournament Winner,Cameron Young,4000,41.0,0.02439,bovada,4000.0,0.02439,0.01734515777045075
masters,Masters Tournament Winner,Christopher Gotterup,5000,51.0,0.019608,betrivers,3500.0,0.027778,0.01580114696343241
masters,Masters Tournament Winner,Justin Thomas,5500,56.0,0.017857,fanduel,4000.0,0.02439,0.015579877705120948
masters,Masters Tournament Winner,Robert Macintyre,5000,51.0,0.019608,draftkings,5000.0,0.019608,0.015307824030353266
masters,Masters Tournament Winner,Brooks Koepka,4000,41.0,0.02439,espnbet,4000.0,0.02439,0.015070076713328518
masters,Masters Tournament Winner,Jordan Spieth,5000,51.0,0.019608,betrivers,4000.0,0.02439,0.014558197848473087
masters,Masters Tournament Winner,Joaquin Niemann,5000,51.0,0.019608,espnbet,3800.0,0.025641,0.01368253433493881
masters,Masters Tournament Winner,Tyrrell Hatton,5500,56.0,0.017857,bovada,4000.0,0.02439,0.013634782096997955
masters,Masters Tournament Winner,Shane Lowry,6000,61.0,0.016393,espnbet,5500.0,0.017857,0.012528341016915598
masters,Masters Tournament Winner,Patrick Cantlay,6000,61.0,0.016393,espnbet,5000.0,0.019608,0.01239860745000606
masters,Masters Tournament Winner,Ben Griffin,6000,61.0,0.016393,bovada,5000.0,0.019608,0.011625183712165477
masters,Masters Tournament Winner,Matthew Fitzpatrick,8000,81.0,0.012346,bovada,5500.0,0.017857,0.011224295268153365
masters,Masters Tournament Winner,Russell Henley,6500,66.0,0.015152,bovada,5000.0,0.019608,0.011002662480178872
masters,Masters Tournament Winner,Will Zalatoris,7500,76.0,0.013158,espnbet,5500.0,0.017857,0.010787633991786755
masters,Masters Tournament Winner,Cameron Smith,7500,76.0,0.013158,espnbet,6000.0,0.016393,0.010117814772926574
masters,Masters Tournament Winner,Si Woo Kim,6600,67.0,0.014925,betrivers,6000.0,0.016393,0.009935693062479392
masters,Masters Tournament Winner,Jason Day,6600,67.0,0.014925,betrivers,6500.0,0.015152,0.009702588074320648
masters,Masters Tournament Winner,Min Woo Lee,7000,71.0,0.014085,bovada,5500.0,0.017857,0.00961195755569313
masters,Masters Tournament Winner,Corey Conners,7500,76.0,0.013158,espnbet,6000.0,0.016393,0.009427347451011925
masters,Masters Tournament Winner,Akshay Bhatia,8000,81.0,0.012346,bovada,6000.0,0.016393,0.009243102366241525
masters,Masters Tournament Winner,Sam Burns,10000,101.0,0.009901,bovada,6000.0,0.016393,0.009232894511468833
masters,Masters Tournament Winner,Sepp Straka,8000,81.0,0.012346,bovada,7000.0,0.014085,0.008721107067095281
masters,Masters Tournament Winner,Sungjae Im,10000,101.0,0.009901,espnbet,9000.0,0.010989,0.008626717570078222
masters,Masters Tournament Winner,Max Homa,8000,81.0,0.012346,betrivers,6500.0,0.015152,0.008564279535388976
masters,Masters Tournament Winner,Wyndham Clark,10000,101.0,0.009901,espnbet,8000.0,0.012346,0.0076717754148692315
masters,Masters Tournament Winner,J. J. Spaun,10000,101.0,0.009901,betmgm,8000.0,0.012346,0.006870593190629763
masters,Masters Tournament Winner,Sahith Theegala,10000,101.0,0.009901,espnbet,8000.0,0.012346,0.006847451754832114
masters,Masters Tournament Winner,Tony Finau,15000,151.0,0.006623,espnbet,10000.0,0.009901,0.006808473785891801
masters,Masters Tournament Winner,Marco Penge,15000,151.0,0.006623,espnbet,11000.0,0.009009,0.00675027224911447
masters,Masters Tournament Winner,Harris English,15000,151.0,0.006623,bovada,9000.0,0.010989,0.006535013752052107
masters,Masters Tournament Winner,Dustin Johnson,12500,126.0,0.007937,espnbet,9000.0,0.010989,0.0063903059271864975
masters,Masters Tournament Winner,Maverick Mcnealy,10000,101.0,0.009901,betrivers,10000.0,0.009901,0.006232707090675458
masters,Masters Tournament Winner,Alexander Noren,15000,151.0,0.006623,espnbet,10000.0,0.009901,0.005646087896186173
masters,Masters Tournament Winner,Sergio Garcia,15000,151.0,0.006623,espnbet,10000.0,0.009901,0.005577255762655748
masters,Masters Tournament Winner,Keegan Bradley,15000,151.0,0.006623,espnbet,12000.0,0.008264,0.00545976762851626
masters,Masters Tournament Winner,Rasmus Hojgaard,15000,151.0,0.006623,bovada,15000.0,0.006623,0.005305100460560764
masters,Masters Tournament Winner,Joohyung Kim,20000,201.0,0.004975,espnbet,,,0.005275549202363391
masters,Masters Tournament Winner,Adam Scott,15000,151.0,0.006623,bovada,12000.0,0.008264,0.005219367767160065
masters,Masters Tournament Winner,Ryan Fox,15000,151.0,0.006623,espnbet,12000.0,0.008264,0.005217278447375262
masters,Masters Tournament Winner,Harry Hall,13000,131.0,0.007634,draftkings,13000.0,0.007634,0.005196062528611917
masters,Masters Tournament Winner,Tom McKibbin,20000,201.0,0.004975,espnbet,14000.0,0.007092,0.0051672579447477
masters,Masters Tournament Winner,Davis Thompson,15000,151.0,0.006623,espnbet,14000.0,0.007092,0.004887183565523103
masters,Masters Tournament Winner,Kurt Kitayama,20000,201.0,0.004975,espnbet,15000.0,0.006623,0.0048666307493260225
masters,Masters Tournament Winner,Aaron Rai,15000,151.0,0.006623,espnbet,13000.0,0.007634,0.00481196806968811
masters,Masters Tournament Winner,Rasmus Neergaard-Petersen,20000,201.0,0.004975,espnbet,13000.0,0.007634,0.004518560746167877
masters,Masters Tournament Winner,Ryan Gerard,30000,301.0,0.003322,espnbet,11000.0,0.009009,0.004479861150353313
masters,Masters Tournament Winner,Brian Harman,17500,176.0,0.005682,betmgm,10000.0,0.009901,0.0044614570007921895
masters,Masters Tournament Winner,Daniel Berger,15000,151.0,0.006623,espnbet,,,0.004449232462853369
masters,Masters Tournament Winner,Matt McCarty,20000,201.0,0.004975,bovada,10000.0,0.009901,0.004441902125265768
masters,Masters Tournament Winner,John Keefer,20000,201.0,0.004975,betrivers,13000.0,0.007634,0.0042933024222373785
masters,Masters Tournament Winner,Max Greyserman,25000,251.0,0.003984,draftkings,25000.0,0.003984,0.004140376243732094
masters,Masters Tournament Winner,Denny McCarthy,15000,151.0,0.006623,espnbet,,,0.0041329530561777855
masters,Masters Tournament Winner,Nicolai Hojgaard,15000,151.0,0.006623,espnbet,15000.0,0.006623,0.004086677566904016
masters,Masters Tournament Winner,Michael Kim,20000,201.0,0.004975,draftkings,20000.0,0.004975,0.004020828457090984
masters,Masters Tournament Winner,Billy Horschel,25000,251.0,0.003984,espnbet,,,0.003972849991261315
masters,Masters Tournament Winner,Sami Välimäki,25000,251.0,0.003984,espnbet,19000.0,0.005236,0.003872639355222527
masters,Masters Tournament Winner,Thomas Detry,20000,201.0,0.004975,betrivers,,,0.0038622603915938096
masters,Masters Tournament Winner,Phil Mickelson,25000,251.0,0.003984,espnbet,20000.0,0.004975,0.003832736088618179
masters,Masters Tournament Winner,Carlos Ortiz,20000,201.0,0.004975,espnbet,15000.0,0.006623,0.0038279581143142085
masters,Masters Tournament Winner,Taylor Pendrith,25000,251.0,0.003984,espnbet,15000.0,0.006623,0.0038130728320832576
masters,Masters Tournament Winner,Andrew Novak,25000,251.0,0.003984,espnbet,20000.0,0.004975,0.0036858581398528955
masters,Masters Tournament Winner,Kristoffer Reitan,30000,301.0,0.003322,draftkings,30000.0,0.003322,0.0036429504432927444
masters,Masters Tournament Winner,Nick Taylor,25000,251.0,0.003984,bovada,25000.0,0.003984,0.0035546974269457057
masters,Masters Tournament Winner,Sam Stevens,30000,301.0,0.003322,espnbet,15000.0,0.006623,0.0035190487591731977
masters,Masters Tournament Winner,Byeong Hun An,25000,251.0,0.003984,espnbet,,,0.0034435474950461993
masters,Masters Tournament Winner,Michael Brennan,40000,401.0,0.002494,draftkings,40000.0,0.002494,0.0033801093245646417
masters,Masters Tournament Winner,Tiger Woods,25000,251.0,0.003984,espnbet,15000.0,0.006623,0.003268447467017769
masters,Masters Tournament Winner,Jacob Bridgeman,25000,251.0,0.003984,espnbet,20000.0,0.004975,0.0031672244680741456
masters,Masters Tournament Winner,Haotong Li,25000,251.0,0.003984,bovada,25000.0,0.003984,0.0030999516281094166
masters,Masters Tournament Winner,Jayden Trey Schaper,20000,201.0,0.004975,draftkings,20000.0,0.004975,0.002985115822493913
masters,Masters Tournament Winner,Austin Eckroat,20000,201.0,0.004975,bovada,,,0.002942973746307973
masters,Masters Tournament Winner,Cameron Davis,20000,201.0,0.004975,bovada,,,0.002942973746307973
masters,Masters Tournament Winner,Chris Kirk,20000,201.0,0.004975,bovada,,,0.002942973746307973
masters,Masters Tournament Winner,Christiaan Bezuidenhout,20000,201.0,0.004975,bovada,,,0.002942973746307973
masters,Masters Tournament Winner,Joe Highsmith,20000,201.0,0.004975,bovada,,,0.002942973746307973
masters,Masters Tournament Winner,Kevin Yu,20000,201.0,0.004975,bovada,,,0.002942973746307973
masters,Masters Tournament Winner,Laurie Canter,20000,201.0,0.004975,bovada,,,0.002942973746307973
masters,Masters Tournament Winner,Lucas Glover,20000,201.0,0.004975,bovada,,,0.002942973746307973
masters,Masters Tournament Winner,Stephan Jaeger,20000,201.0,0.004975,bovada,,,0.002942973746307973
masters,Masters Tournament Winner,Aldrich Potgieter,25000,251.0,0.003984,betrivers,25000.0,0.003984,0.002771310161123397
masters,Masters Tournament Winner,Davis Riley,30000,301.0,0.003322,draftkings,30000.0,0.003322,0.002694843793262876
masters,Masters Tournament Winner,J.T. Poston,25000,251.0,0.003984,bovada,,,0.002356745207093661
masters,Masters Tournament Winner,Tom Hoge,25000,251.0,0.003984,bovada,,,0.002356745207093661
masters,Masters Tournament Winner,Bubba Watson,30000,301.0,0.003322,fanduel,25000.0,0.003984,0.0023251006566813947
masters,Masters Tournament Winner,Jhonattan Vegas,30000,301.0,0.003322,bovada,,,0.001965137444268359
masters,Masters Tournament Winner,Nicholas Dunlap,30000,301.0,0.003322,bovada,,,0.001965137444268359
masters,Masters Tournament Winner,Nico Echavarria,30000,301.0,0.003322,bovada,,,0.001965137444268359
masters,Masters Tournament Winner,Charl Schwartzel,40000,401.0,0.002494,espnbet,35000.0,0.002849,0.0018693781703655171
masters,Masters Tournament Winner,Ben Campbell,50000,501.0,0.001996,espnbet,40000.0,0.002494,0.0017083148429982518
masters,Masters Tournament Winner,Danny Willett,50000,501.0,0.001996,draftkings,50000.0,0.001996,0.0016534015820067003
masters,Masters Tournament Winner,Zach Johnson,40000,401.0,0.002494,espnbet,40000.0,0.002494,0.0015772662352013967
masters,Masters Tournament Winner,Adam Schenk,40000,401.0,0.002494,bovada,,,0.001475331964480821
masters,Masters Tournament Winner,Matthieu Pavon,40000,401.0,0.002494,bovada,,,0.001475331964480821
masters,Masters Tournament Winner,Patton Kizzire,40000,401.0,0.002494,bovada,,,0.001475331964480821
masters,Masters Tournament Winner,Thriston Lawrence,50000,501.0,0.001996,bovada,,,0.0011807388135941133
masters,Masters Tournament Winner,Ethan Fang,100000,1001.0,0.000999,betmgm,,,0.0008120500242664717
masters,Masters Tournament Winner,Rafael Campos,75000,751.0,0.001332,bovada,,,0.0007879479457451699
masters,Masters Tournament Winner,Michael La Sasso,100000,1001.0,0.000999,bovada,,,0.0007097721745988983
masters,Masters Tournament Winner,Angel Cabrera,150000,1501.0,0.000666,espnbet,50000.0,0.001996,0.000689042668245038
masters,Masters Tournament Winner,Brandon Wu,100000,1001.0,0.000999,betmgm,,,0.0006061992508627834
masters,Masters Tournament Winner,Mason Howell,100000,1001.0,0.000999,betmgm,,,0.0006061992508627834
masters,Masters Tournament Winner,Fred Couples,250000,2501.0,0.0004,espnbet,100000.0,0.000999,0.0004431105498160724
masters,Masters Tournament Winner,Mike Weir,250000,2501.0,0.0004,espnbet,100000.0,0.000999,0.0003902437084420486
masters,Masters Tournament Winner,Vijay Singh,250000,2501.0,0.0004,bovada,100000.0,0.000999,0.0003823580211200096
masters,Masters Tournament Winner,Jose Maria Olazábal,250000,2501.0,0.0004,espnbet,200000.0,0.0005,0.00033036138500789936
open,The Open Winner,Scottie Scheffler,470,5.7,0.175439,fanduel,350.0,0.222222,0.13880497927229243
open,The Open Winner,Rory McIlroy,900,10.0,0.1,lowvig,750.0,0.117647,0.07413474278161455
open,The Open Winner,Jon Rahm,1600,17.0,0.058824,lowvig,1100.0,0.083333,0.04711518493556988
open,The Open Winner,Tommy Fleetwood,2000,21.0,0.047619,betrivers,1400.0,0.066667,0.037202367322025844
open,The Open Winner,Xander Schauffele,2000,21.0,0.047619,lowvig,1600.0,0.058824,0.03579599323650439
open,The Open Winner,Bryson DeChambeau,2000,21.0,0.047619,lowvig,1800.0,0.052632,0.03506322407380377
open,The Open Winner,Ludvig Aberg,2500,26.0,0.038462,espnbet,2500.0,0.038462,0.02839089821930591
open,The Open Winner,Robert Macintyre,3000,31.0,0.032258,draftkings,3000.0,0.032258,0.024334850989117807
open,The Open Winner,Tyrrell Hatton,3000,31.0,0.032258,lowvig,3000.0,0.032258,0.023461660327140706
open,The Open Winner,Justin Rose,3300,34.0,0.029412,betmgm,3000.0,0.032258,0.021915083499248905
open,The Open Winner,Viktor Hovland,3500,36.0,0.027778,espnbet,3000.0,0.032258,0.021766233245309696
open,The Open Winner,Collin Morikawa,3500,36.0,0.027778,lowvig,2500.0,0.038462,0.020190079832667313
open,The Open Winner,Shane Lowry,4000,41.0,0.02439,lowvig,4000.0,0.02439,0.018842758803384076
open,The Open Winner,Matthew Fitzpatrick,4000,41.0,0.02439,lowvig,3500.0,0.027778,0.0179230462034195
open,The Open Winner,Christopher Gotterup,5000,51.0,0.019608,betrivers,4000.0,0.02439,0.0178172694660088
open,The Open Winner,Justin Thomas,6000,61.0,0.016393,lowvig,4500.0,0.021739,0.014761459072984024
open,The Open Winner,Cameron Young,6600,67.0,0.014925,betmgm,5000.0,0.019608,0.014695365041138964
open,The Open Winner,Hideki Matsuyama,5000,51.0,0.019608,betrivers,5000.0,0.019608,0.013759851743021483
open,The Open Winner,Jordan Spieth,5500,56.0,0.017857,betmgm,5000.0,0.019608,0.013304489748490803
open,The Open Winner,Patrick Reed,6600,67.0,0.014925,betrivers,4000.0,0.02439,0.013054246328372132
open,The Open Winner,Brooks Koepka,6600,67.0,0.014925,betrivers,6500.0,0.015152,0.01260736166446118
open,The Open Winner,Russell Henley,5500,56.0,0.017857,lowvig,5500.0,0.017857,0.012510157793131627
open,The Open Winner,Sepp Straka,5500,56.0,0.017857,lowvig,5000.0,0.019608,0.01220983494017112
open,The Open Winner,Joaquin Niemann,7000,71.0,0.014085,lowvig,6000.0,0.016393,0.011728096388975881
open,The Open Winner,Patrick Cantlay,7000,71.0,0.014085,lowvig,6000.0,0.016393,0.01157208540886786
open,The Open Winner,Corey Conners,7000,71.0,0.014085,lowvig,7000.0,0.014085,0.01079901185972271
open,The Open Winner,Si Woo Kim,8000,81.0,0.012346,betmgm,8000.0,0.012346,0.010563839364516063
open,The Open Winner,Harris English,8000,81.0,0.012346,betmgm,8000.0,0.012346,0.010271958182662725
open,The Open Winner,Sam Burns,8000,81.0,0.012346,lowvig,7000.0,0.014085,0.009726578700385718
open,The Open Winner,Marco Penge,10000,101.0,0.009901,lowvig,7000.0,0.014085,0.0088518292783937
open,The Open Winner,Harry Hall,10000,101.0,0.009901,espnbet,9000.0,0.010989,0.008188233984272162
open,The Open Winner,Ben Griffin,9000,91.0,0.010989,espnbet,8000.0,0.012346,0.00816297269076812
open,The Open Winner,Cameron Smith,10000,101.0,0.009901,lowvig,8000.0,0.012346,0.007910543511950946
open,The Open Winner,J. J. Spaun,12500,126.0,0.007937,betmgm,10000.0,0.009901,0.0077976567203309685
open,The Open Winner,Maverick Mcnealy,12500,126.0,0.007937,draftkings,12500.0,0.007937,0.007707221515292523
open,The Open Winner,Keegan Bradley,10000,101.0,0.009901,lowvig,10000.0,0.009901,0.007598584424769027
open,The Open Winner,Brian Harman,12500,126.0,0.007937,lowvig,10000.0,0.009901,0.007490411174843435
open,The Open Winner,Wyndham Clark,13500,136.0,0.007353,lowvig,10000.0,0.009901,0.007303693120350791
open,The Open Winner,Adam Scott,12500,126.0,0.007937,fanduel,10000.0,0.009901,0.0072622476627686155
open,The Open Winner,Rasmus Neergaard-Petersen,15000,151.0,0.006623,lowvig,,,0.007210565108471623
open,The Open Winner,Jason Day,12500,126.0,0.007937,lowvig,10000.0,0.009901,0.007096695672993564
open,The Open Winner,Ryan Fox,12500,126.0,0.007937,lowvig,10000.0,0.009901,0.006941788672971123
open,The Open Winner,Min Woo Lee,12500,126.0,0.007937,draftkings,12500.0,0.007937,0.006847733199737524
open,The Open Winner,Joohyung Kim,15000,151.0,0.006623,draftkings,15000.0,0.006623,0.006588192801366789
open,The Open Winner,Tony Finau,15000,151.0,0.006623,lowvig,12500.0,0.007937,0.00655860144818326
open,The Open Winner,Aaron Rai,12500,126.0,0.007937,lowvig,12500.0,0.007937,0.006540781373414364
open,The Open Winner,Akshay Bhatia,20000,201.0,0.004975,draftkings,20000.0,0.004975,0.0063637844330747765
open,The Open Winner,Will Zalatoris,13500,136.0,0.007353,lowvig,,,0.006358956437545402
open,The Open Winner,Sungjae Im,15000,151.0,0.006623,draftkings,15000.0,0.006623,0.005964523277762759
open,The Open Winner,Rasmus Hojgaard,12500,126.0,0.007937,lowvig,12500.0,0.007937,0.005911548875683031
open,The Open Winner,Jayden Trey Schaper,12500,126.0,0.007937,lowvig,,,0.005883129775076573
open,The Open Winner,Nicolai Hojgaard,15000,151.0,0.006623,lowvig,12500.0,0.007937,0.005857005465010876
open,The Open Winner,Alexander Noren,15000,151.0,0.006623,lowvig,,,0.005672879957620712
open,The Open Winner,Rickie Fowler,15000,151.0,0.006623,lowvig,15000.0,0.006623,0.005635451282366394
open,The Open Winner,David Puig,12500,126.0,0.007937,lowvig,,,0.005635370597176642
open,The Open Winner,Daniel Berger,17500,176.0,0.005682,lowvig,15000.0,0.006623,0.005208117285940732
open,The Open Winner,Angel Ayora,15000,151.0,0.006623,espnbet,,,0.005197924093178816
open,The Open Winner,Max Homa,15000,151.0,0.006623,lowvig,,,0.005174720970315368
open,The Open Winner,Haotong Li,15000,151.0,0.006623,lowvig,,,0.005096123473345122
open,The Open Winner,Dustin Johnson,20000,201.0,0.004975,lowvig,20000.0,0.004975,0.005022185043437434
open,The Open Winner,Tom McKibbin,17500,176.0,0.005682,lowvig,,,0.0049630309106340285
open,The Open Winner,Kristoffer Reitan,40000,401.0,0.002494,draftkings,40000.0,0.002494,0.004521360044676903
open,The Open Winner,Taylor Pendrith,20000,201.0,0.004975,draftkings,20000.0,0.004975,0.004517693689054127
open,The Open Winner,Louis Oosthuizen,20000,201.0,0.004975,draftkings,20000.0,0.004975,0.004488067781263399
open,The Open Winner,Carlos Ortiz,20000,201.0,0.004975,draftkings,20000.0,0.004975,0.00446259784491424
open,The Open Winner,Kurt Kitayama,15000,151.0,0.006623,lowvig,,,0.004457608370489079
open,The Open Winner,Sergio Garcia,15000,151.0,0.006623,betmgm,15000.0,0.006623,0.004218524828826873
open,The Open Winner,Sahith Theegala,20000,201.0,0.004975,draftkings,20000.0,0.004975,0.004205772926342229
open,The Open Winner,Billy Horschel,15000,151.0,0.006623,espnbet,,,0.004153249448940367
open,The Open Winner,Michael Brennan,15000,151.0,0.006623,espnbet,,,0.004153249448940367
open,The Open Winner,Sami Välimäki,15000,151.0,0.006623,espnbet,,,0.004153249448940367
open,The Open Winner,Andrew Novak,25000,251.0,0.003984,draftkings,25000.0,0.003984,0.004151753826555736
open,The Open Winner,Austin Eckroat,15000,151.0,0.006623,betmgm,,,0.004130682495024534
open,The Open Winner,Michael Thorbjornsen,15000,151.0,0.006623,betmgm,,,0.004130682495024534
open,The Open Winner,Victor Perez,15000,151.0,0.006623,betmgm,,,0.004130682495024534
open,The Open Winner,Denny McCarthy,20000,201.0,0.004975,espnbet,,,0.004115449982301647
open,The Open Winner,Jordan Smith,25000,251.0,0.003984,draftkings,25000.0,0.003984,0.004090933959380989
open,The Open Winner,Thomas Detry,25000,251.0,0.003984,draftkings,25000.0,0.003984,0.004000423663369689
open,The Open Winner,Max Greyserman,20000,201.0,0.004975,espnbet,15000.0,0.006623,0.003973843103210082
open,The Open Winner,Ryan Gerard,17500,176.0,0.005682,lowvig,,,0.0039177605872337
open,The Open Winner,Davis Thompson,25000,251.0,0.003984,draftkings,25000.0,0.003984,0.0039012176286164746
open,The Open Winner,Dean Burmester,20000,201.0,0.004975,draftkings,20000.0,0.004975,0.0038512016164962246
open,The Open Winner,Jake Knapp,17500,176.0,0.005682,espnbet,,,0.003846917826772358
open,The Open Winner,Christiaan Bezuidenhout,25000,251.0,0.003984,draftkings,25000.0,0.003984,0.0038070963784147434
open,The Open Winner,Matt Wallace,30000,301.0,0.003322,draftkings,30000.0,0.003322,0.0036669305510677297
open,The Open Winner,Keith Mitchell,20000,201.0,0.004975,lowvig,,,0.003605381674638876
open,The Open Winner,Gary Woodland,20000,201.0,0.004975,betmgm,,,0.0035995650476560353
open,The Open Winner,J.T. Poston,30000,301.0,0.003322,draftkings,30000.0,0.003322,0.003564905317371238
open,The Open Winner,Keita Nakajima,17500,176.0,0.005682,espnbet,,,0.0035631531585201826
open,The Open Winner,Byeong Hun An,30000,301.0,0.003322,draftkings,30000.0,0.003322,0.00353895210977428
open,The Open Winner,Thorbjorn Olesen,30000,301.0,0.003322,draftkings,30000.0,0.003322,0.003482763952671855
open,The Open Winner,Aldrich Potgieter,20000,201.0,0.004975,draftkings,20000.0,0.004975,0.003326637708759054
open,The Open Winner,Bud Cauley,20000,201.0,0.004975,betmgm,20000.0,0.004975,0.003214741579183019
open,The Open Winner,Michael Kim,25000,251.0,0.003984,betmgm,20000.0,0.004975,0.0031248539923583534
open,The Open Winner,Daniel Hillier,20000,201.0,0.004975,espnbet,,,0.0031197970720939646
open,The Open Winner,Elvis Smylie,20000,201.0,0.004975,espnbet,,,0.0031197970720939646
open,The Open Winner,John Parry,20000,201.0,0.004975,espnbet,,,0.0031197970720939646
open,The Open Winner,Adam Hadwin,20000,201.0,0.004975,betmgm,,,0.003102845449606984
open,The Open Winner,Beau Hossler,20000,201.0,0.004975,betmgm,,,0.003102845449606984
open,The Open Winner,Eric Cole,20000,201.0,0.004975,betmgm,,,0.003102845449606984
open,The Open Winner,Lee Hodges,20000,201.0,0.004975,betmgm,,,0.003102845449606984
open,The Open Winner,Lucas Glover,30000,301.0,0.003322,draftkings,30000.0,0.003322,0.0030743666767030784
open,The Open Winner,Stephan Jaeger,40000,401.0,0.002494,draftkings,40000.0,0.002494,0.0029555984368390374
open,The Open Winner,Mackenzie Hughes,50000,501.0,0.001996,draftkings,50000.0,0.001996,0.002844599068064363
open,The Open Winner,Daniel Brown,35000,351.0,0.002849,draftkings,35000.0,0.002849,0.002734098270943965
open,The Open Winner,Nick Taylor,25000,251.0,0.003984,betmgm,25000.0,0.003984,0.002641216947869085
open,The Open Winner,Chris Kirk,35000,351.0,0.002849,draftkings,35000.0,0.002849,0.0025039444164873656
open,The Open Winner,Davis Riley,25000,251.0,0.003984,espnbet,,,0.0024915585735132235
open,The Open Winner,Cameron Davis,25000,251.0,0.003984,betmgm,,,0.0024847711097958237
open,The Open Winner,Erik van Rooyen,25000,251.0,0.003984,betmgm,,,0.0024847711097958237
open,The Open Winner,Matt McCarty,25000,251.0,0.003984,betmgm,,,0.0024847711097958237
open,The Open Winner,Nico Echavarria,25000,251.0,0.003984,betmgm,,,0.0024847711097958237
open,The Open Winner,Tiger Woods,35000,351.0,0.002849,lowvig,,,0.0022938301722934553
open,The Open Winner,Francesco Molinari,27500,276.0,0.003623,espnbet,,,0.0022719647823510416
open,The Open Winner,Jacob Bridgeman,27500,276.0,0.003623,espnbet,,,0.0022719647823510416
open,The Open Winner,Joakim Lagergren,27500,276.0,0.003623,espnbet,,,0.0022719647823510416
open,The Open Winner,Tom Hoge,50000,501.0,0.001996,draftkings,50000.0,0.001996,0.002236492446946348
open,The Open Winner,Lee Westwood,30000,301.0,0.003322,draftkings,30000.0,0.003322,0.0022213247172859453
open,The Open Winner,Lucas Herbert,30000,301.0,0.003322,draftkings,30000.0,0.003322,0.0022213247172859453
open,The Open Winner,Marc Leishman,30000,301.0,0.003322,draftkings,30000.0,0.003322,0.0022213247172859453
open,The Open Winner,Niklas Norgaard Moller,30000,301.0,0.003322,draftkings,30000.0,0.003322,0.0022213247172859453
open,The Open Winner,Thriston Lawrence,30000,301.0,0.003322,draftkings,30000.0,0.003322,0.0022213247172859453
open,The Open Winner,Jhonattan Vegas,50000,501.0,0.001996,draftkings,50000.0,0.001996,0.0022187562792440017
open,The Open Winner,Laurie Canter,40000,401.0,0.002494,draftkings,40000.0,0.002494,0.002171483354991978
open,The Open Winner,Joe Highsmith,30000,301.0,0.003322,betmgm,,,0.002071889966551638
open,The Open Winner,Phil Mickelson,40000,401.0,0.002494,betmgm,40000.0,0.002494,0.001920340464989964
open,The Open Winner,Kevin Yu,35000,351.0,0.002849,draftkings,35000.0,0.002849,0.0019050433833677476
open,The Open Winner,Nicolas Echavarria,35000,351.0,0.002849,draftkings,35000.0,0.002849,0.0019050433833677476
open,The Open Winner,Ben Campbell,40000,401.0,0.002494,draftkings,40000.0,0.002494,0.0018697775908783397
open,The Open Winner,Adrien Saddier,50000,501.0,0.001996,draftkings,50000.0,0.001996,0.0018033159456160306
open,The Open Winner,Martin Couvra,50000,501.0,0.001996,draftkings,50000.0,0.001996,0.0018033159456160306
open,The Open Winner,Matthieu Pavon,50000,501.0,0.001996,draftkings,50000.0,0.001996,0.0017032785377163288
open,The Open Winner,Henrik Stenson,60000,601.0,0.001664,draftkings,60000.0,0.001664,0.0016923165768413565
open,The Open Winner,Matteo Manassero,40000,401.0,0.002494,draftkings,40000.0,0.002494,0.0016676652152050413
open,The Open Winner,Matthew Jordan,40000,401.0,0.002494,draftkings,40000.0,0.002494,0.0016676652152050413
open,The Open Winner,Stewart Cink,75000,751.0,0.001332,draftkings,75000.0,0.001332,0.0015813172080666826
open,The Open Winner,Zach Johnson,75000,751.0,0.001332,draftkings,75000.0,0.001332,0.0015813172080666826
open,The Open Winner,Padraig Harrington,50000,501.0,0.001996,draftkings,50000.0,0.001996,0.001484706151812746
open,The Open Winner,Antoine Rozner,50000,501.0,0.001996,draftkings,50000.0,0.001996,0.0013346671088810193
open,The Open Winner,Jesper Svensson,50000,501.0,0.001996,draftkings,50000.0,0.001996,0.0013346671088810193
open,The Open Winner,Matthias Schwab,50000,501.0,0.001996,draftkings,50000.0,0.001996,0.0013346671088810193
open,The Open Winner,Ernie Els,75000,751.0,0.001332,espnbet,,,0.0008352903919656605
open,The Open Winner,Darren Clarke,100000,1001.0,0.000999,draftkings,100000.0,0.000999,0.0007516463086512016
open,The Open Winner,Justin Leonard,100000,1001.0,0.000999,draftkings,100000.0,0.000999,0.0006680022253367428
pga_champ,PGA Championship Winner,Scottie Scheffler,400,5.0,0.2,bovada,350.0,0.222222,0.141086411315627
pga_champ,PGA Championship Winner,Rory McIlroy,850,9.5,0.105263,lowvig,650.0,0.133333,0.0818345301255109
pga_champ,PGA Championship Winner,Bryson DeChambeau,1200,13.0,0.076923,lowvig,1000.0,0.090909,0.06046135781658945
pga_champ,PGA Championship Winner,Jon Rahm,1600,17.0,0.058824,lowvig,1200.0,0.076923,0.043401008062230385
pga_champ,PGA Championship Winner,Xander Schauffele,2000,21.0,0.047619,bovada,1600.0,0.058824,0.034762116085742825
pga_champ,PGA Championship Winner,Ludvig Aberg,2200,23.0,0.043478,espnbet,2200.0,0.043478,0.0293144493930614
pga_champ,PGA Championship Winner,Tommy Fleetwood,3000,31.0,0.032258,fanduel,1800.0,0.052632,0.029025428800151083
pga_champ,PGA Championship Winner,Justin Thomas,3300,34.0,0.029412,lowvig,2500.0,0.038462,0.025570164057293662
pga_champ,PGA Championship Winner,Collin Morikawa,3000,31.0,0.032258,lowvig,2200.0,0.043478,0.0251083150850722
pga_champ,PGA Championship Winner,Viktor Hovland,3500,36.0,0.027778,bovada,3500.0,0.027778,0.01928269046565815
pga_champ,PGA Championship Winner,Christopher Gotterup,5000,51.0,0.019608,betrivers,4000.0,0.02439,0.017723117701900087
pga_champ,PGA Championship Winner,Justin Rose,4500,46.0,0.021739,betmgm,4500.0,0.021739,0.017144265147469008
pga_champ,PGA Championship Winner,Joaquin Niemann,4500,46.0,0.021739,betmgm,3500.0,0.027778,0.01696272152733249
pga_champ,PGA Championship Winner,Cameron Young,5000,51.0,0.019608,bovada,4500.0,0.021739,0.016256021289056913
pga_champ,PGA Championship Winner,Tyrrell Hatton,5000,51.0,0.019608,lowvig,3500.0,0.027778,0.0159729149697145
pga_champ,PGA Championship Winner,Brooks Koepka,5000,51.0,0.019608,bovada,4000.0,0.02439,0.015322287100733578
pga_champ,PGA Championship Winner,Hideki Matsuyama,5000,51.0,0.019608,bovada,4000.0,0.02439,0.015047219710882222
pga_champ,PGA Championship Winner,Patrick Cantlay,6000,61.0,0.016393,lowvig,4500.0,0.021739,0.014965857313760194
pga_champ,PGA Championship Winner,Patrick Reed,6600,67.0,0.014925,betmgm,4000.0,0.02439,0.013120746908032757
pga_champ,PGA Championship Winner,Jordan Spieth,6000,61.0,0.016393,lowvig,5000.0,0.019608,0.012903804387273073
pga_champ,PGA Championship Winner,Matthew Fitzpatrick,8000,81.0,0.012346,bovada,6000.0,0.016393,0.01222089593485788
pga_champ,PGA Championship Winner,Shane Lowry,6000,61.0,0.016393,lowvig,6000.0,0.016393,0.011920432649991649
pga_champ,PGA Championship Winner,Ben Griffin,7000,71.0,0.014085,lowvig,5000.0,0.019608,0.011203483989185309
pga_champ,PGA Championship Winner,Sepp Straka,7000,71.0,0.014085,draftkings,7000.0,0.014085,0.011153825252882088
pga_champ,PGA Championship Winner,Russell Henley,7000,71.0,0.014085,draftkings,7000.0,0.014085,0.01098864663485603
pga_champ,PGA Championship Winner,Robert Macintyre,8000,81.0,0.012346,fanduel,6600.0,0.014925,0.010679920805367015
pga_champ,PGA Championship Winner,Corey Conners,8000,81.0,0.012346,lowvig,6000.0,0.016393,0.01041353333259341
pga_champ,PGA Championship Winner,Si Woo Kim,8000,81.0,0.012346,draftkings,8000.0,0.012346,0.009885064199988653
pga_champ,PGA Championship Winner,Sam Burns,8000,81.0,0.012346,bovada,8000.0,0.012346,0.009078541140053175
pga_champ,PGA Championship Winner,Jason Day,8000,81.0,0.012346,bovada,8000.0,0.012346,0.008509488657239763
pga_champ,PGA Championship Winner,Sungjae Im,10000,101.0,0.009901,lowvig,8000.0,0.012346,0.008060118767558693
pga_champ,PGA Championship Winner,J. J. Spaun,12500,126.0,0.007937,bovada,8000.0,0.012346,0.007950525179398059
pga_champ,PGA Championship Winner,Harris English,10000,101.0,0.009901,bovada,8000.0,0.012346,0.007946757054617736
pga_champ,PGA Championship Winner,Marco Penge,10000,101.0,0.009901,lowvig,,,0.0075843801496618376
pga_champ,PGA Championship Winner,Tony Finau,15000,151.0,0.006623,lowvig,8000.0,0.012346,0.0074816084132317655
pga_champ,PGA Championship Winner,Max Homa,10000,101.0,0.009901,espnbet,9000.0,0.010989,0.007394707491723519
pga_champ,PGA Championship Winner,Daniel Berger,12500,126.0,0.007937,lowvig,8000.0,0.012346,0.0073414303141439465
pga_champ,PGA Championship Winner,Maverick Mcnealy,12500,126.0,0.007937,lowvig,8000.0,0.012346,0.007304508277082162
pga_champ,PGA Championship Winner,Min Woo Lee,10000,101.0,0.009901,lowvig,9000.0,0.010989,0.007257828943915368
pga_champ,PGA Championship Winner,Cameron Smith,11000,111.0,0.009009,lowvig,10000.0,0.009901,0.007168792263028538
pga_champ,PGA Championship Winner,Wyndham Clark,12500,126.0,0.007937,lowvig,8000.0,0.012346,0.007165247873540405
pga_champ,PGA Championship Winner,Akshay Bhatia,12000,121.0,0.008264,draftkings,12000.0,0.008264,0.0070311814251145625
pga_champ,PGA Championship Winner,Keegan Bradley,11000,111.0,0.009009,draftkings,11000.0,0.009009,0.006628804600942502
pga_champ,PGA Championship Winner,Will Zalatoris,12500,126.0,0.007937,espnbet,11000.0,0.009009,0.006236893975757593
pga_champ,PGA Championship Winner,Michael Brennan,10000,101.0,0.009901,espnbet,,,0.006166787913818188
pga_champ,PGA Championship Winner,Dustin Johnson,20000,201.0,0.004975,lowvig,13000.0,0.007634,0.005771437540525788
pga_champ,PGA Championship Winner,Adam Scott,12500,126.0,0.007937,bovada,12000.0,0.008264,0.005686888387532982
pga_champ,PGA Championship Winner,Aaron Rai,13000,131.0,0.007634,draftkings,13000.0,0.007634,0.005596696965240001
pga_champ,PGA Championship Winner,Joohyung Kim,17500,176.0,0.005682,lowvig,15000.0,0.006623,0.005484876033399212
pga_champ,PGA Championship Winner,Alexander Noren,15000,151.0,0.006623,draftkings,15000.0,0.006623,0.005363168193704887
pga_champ,PGA Championship Winner,Brian Harman,15000,151.0,0.006623,lowvig,15000.0,0.006623,0.005271867103215026
pga_champ,PGA Championship Winner,Denny McCarthy,17500,176.0,0.005682,lowvig,15000.0,0.006623,0.005104983581239642
pga_champ,PGA Championship Winner,David Puig,15000,151.0,0.006623,betmgm,10000.0,0.009901,0.005069854956480868
pga_champ,PGA Championship Winner,Michael Thorbjornsen,15000,151.0,0.006623,lowvig,,,0.004828489481285471
pga_champ,PGA Championship Winner,Davis Thompson,17000,171.0,0.005848,draftkings,17000.0,0.005848,0.0047529375586265405
pga_champ,PGA Championship Winner,Taylor Pendrith,15000,151.0,0.006623,bovada,14000.0,0.007092,0.004746513812969733
pga_champ,PGA Championship Winner,Sahith Theegala,25000,251.0,0.003984,lowvig,13000.0,0.007634,0.004717261258938814
pga_champ,PGA Championship Winner,Rasmus Hojgaard,17500,176.0,0.005682,lowvig,15000.0,0.006623,0.004383072085498639
pga_champ,PGA Championship Winner,Keith Mitchell,25000,251.0,0.003984,lowvig,15000.0,0.006623,0.004337955810070527
pga_champ,PGA Championship Winner,Dean Burmester,15000,151.0,0.006623,bovada,12000.0,0.008264,0.004278625723226708
pga_champ,PGA Championship Winner,Kurt Kitayama,25000,251.0,0.003984,betmgm,,,0.00427489624869676
pga_champ,PGA Championship Winner,Rasmus Neergaard-Petersen,25000,251.0,0.003984,draftkings,25000.0,0.003984,0.004227040784360725
pga_champ,PGA Championship Winner,J.T. Poston,20000,201.0,0.004975,lowvig,15000.0,0.006623,0.004207235771523204
pga_champ,PGA Championship Winner,Sergio Garcia,15000,151.0,0.006623,bovada,14000.0,0.007092,0.004159201738121691
pga_champ,PGA Championship Winner,Andrew Novak,18000,181.0,0.005525,draftkings,18000.0,0.005525,0.004146250976562026
pga_champ,PGA Championship Winner,Ryan Fox,17500,176.0,0.005682,lowvig,,,0.004139097736996655
pga_champ,PGA Championship Winner,Aldrich Potgieter,15000,151.0,0.006623,espnbet,,,0.004125102146572857
pga_champ,PGA Championship Winner,Sami Välimäki,15000,151.0,0.006623,espnbet,,,0.004125102146572857
pga_champ,PGA Championship Winner,Thomas Detry,20000,201.0,0.004975,draftkings,20000.0,0.004975,0.004079887568168587
pga_champ,PGA Championship Winner,Rickie Fowler,17500,176.0,0.005682,lowvig,17000.0,0.005848,0.004068633385631974
pga_champ,PGA Championship Winner,Harry Hall,15000,151.0,0.006623,bovada,15000.0,0.006623,0.004034410281543389
pga_champ,PGA Championship Winner,Nick Taylor,30000,301.0,0.003322,draftkings,30000.0,0.003322,0.003950196419408891
pga_champ,PGA Championship Winner,Michael Kim,20000,201.0,0.004975,lowvig,15000.0,0.006623,0.003923871559154601
pga_champ,PGA Championship Winner,Byeong Hun An,25000,251.0,0.003984,lowvig,12000.0,0.008264,0.003911133139364952
pga_champ,PGA Championship Winner,Max Greyserman,20000,201.0,0.004975,draftkings,20000.0,0.004975,0.003805192385019526
pga_champ,PGA Championship Winner,Gary Woodland,20000,201.0,0.004975,espnbet,20000.0,0.004975,0.003772409774667435
pga_champ,PGA Championship Winner,Nicolai Hojgaard,20000,201.0,0.004975,bovada,15000.0,0.006623,0.003710410817336427
pga_champ,PGA Championship Winner,Bud Cauley,20000,201.0,0.004975,draftkings,20000.0,0.004975,0.0036985557978350824
pga_champ,PGA Championship Winner,Jake Knapp,20000,201.0,0.004975,draftkings,20000.0,0.004975,0.0036985557978350824
pga_champ,PGA Championship Winner,Mackenzie Hughes,30000,301.0,0.003322,lowvig,20000.0,0.004975,0.0034398622485958793
pga_champ,PGA Championship Winner,Stephan Jaeger,20000,201.0,0.004975,bovada,20000.0,0.004975,0.003438396193330926
pga_champ,PGA Championship Winner,Ryan Gerard,25000,251.0,0.003984,bovada,25000.0,0.003984,0.0032933501696931337
pga_champ,PGA Championship Winner,William Mouw,20000,201.0,0.004975,espnbet,,,0.003098653658342136
pga_champ,PGA Championship Winner,Davis Riley,20000,201.0,0.004975,bovada,20000.0,0.004975,0.003047559890957083
pga_champ,PGA Championship Winner,Billy Horschel,20000,201.0,0.004975,draftkings,20000.0,0.004975,0.0030416433066422772
pga_champ,PGA Championship Winner,Taylor Moore,20000,201.0,0.004975,draftkings,20000.0,0.004975,0.0030416433066422772
pga_champ,PGA Championship Winner,Lucas Glover,20000,201.0,0.004975,bovada,20000.0,0.004975,0.003030528635162065
pga_champ,PGA Championship Winner,Sam Stevens,20000,201.0,0.004975,bovada,20000.0,0.004975,0.003030528635162065
pga_champ,PGA Championship Winner,Garrick Higgo,35000,351.0,0.002849,draftkings,35000.0,0.002849,0.003002508983922368
pga_champ,PGA Championship Winner,Thorbjorn Olesen,25000,251.0,0.003984,draftkings,25000.0,0.003984,0.002957346077115853
pga_champ,PGA Championship Winner,Matt McCarty,40000,401.0,0.002494,draftkings,40000.0,0.002494,0.00292496010126705
pga_champ,PGA Championship Winner,Cameron Davis,25000,251.0,0.003984,draftkings,25000.0,0.003984,0.0028285675955049463
pga_champ,PGA Championship Winner,Jhonattan Vegas,30000,301.0,0.003322,draftkings,30000.0,0.003322,0.0027949047961892595
pga_champ,PGA Championship Winner,Tom McKibbin,25000,251.0,0.003984,draftkings,25000.0,0.003984,0.002754968887824779
pga_champ,PGA Championship Winner,Tiger Woods,40000,401.0,0.002494,lowvig,25000.0,0.003984,0.002749385223963818
pga_champ,PGA Championship Winner,Jacob Bridgeman,30000,301.0,0.003322,draftkings,30000.0,0.003322,0.002693655175471634
pga_champ,PGA Championship Winner,Patrick Rodgers,30000,301.0,0.003322,draftkings,30000.0,0.003322,0.0025033939692181324
pga_champ,PGA Championship Winner,Adam Schenk,25000,251.0,0.003984,espnbet,,,0.002481414306499511
pga_champ,PGA Championship Winner,Joe Highsmith,25000,251.0,0.003984,bovada,,,0.002442077553677001
pga_champ,PGA Championship Winner,Seamus Power,25000,251.0,0.003984,draftkings,25000.0,0.003984,0.002435760187670921
pga_champ,PGA Championship Winner,Tom Hoge,25000,251.0,0.003984,bovada,25000.0,0.003984,0.002426859514067471
pga_champ,PGA Championship Winner,Rico Hoey,25000,251.0,0.003984,bovada,,,0.002422409177265746
pga_champ,PGA Championship Winner,Victor Perez,25000,251.0,0.003984,bovada,,,0.002422409177265746
pga_champ,PGA Championship Winner,Erik van Rooyen,25000,251.0,0.003984,betmgm,25000.0,0.003984,0.0024093823856231266
pga_champ,PGA Championship Winner,Eugenio Lopez Chacarra,25000,251.0,0.003984,betmgm,,,0.0023830045835753324
pga_champ,PGA Championship Winner,Nico Echavarria,25000,251.0,0.003984,betmgm,,,0.0023830045835753324
pga_champ,PGA Championship Winner,Chris Kirk,30000,301.0,0.003322,draftkings,30000.0,0.003322,0.0022919470940341584
pga_champ,PGA Championship Winner,Ben Campbell,30000,301.0,0.003322,bovada,,,0.0022670808162914675
pga_champ,PGA Championship Winner,Eric Cole,30000,301.0,0.003322,draftkings,30000.0,0.003322,0.0022070137555731577
pga_champ,PGA Championship Winner,Ryo Hisatsune,45000,451.0,0.002217,draftkings,45000.0,0.002217,0.002165603431143789
pga_champ,PGA Championship Winner,Austin Eckroat,40000,401.0,0.002494,draftkings,40000.0,0.002494,0.0021232046713943052
pga_champ,PGA Championship Winner,Christiaan Bezuidenhout,40000,401.0,0.002494,draftkings,40000.0,0.002494,0.0021232046713943052
pga_champ,PGA Championship Winner,Matt Wallace,40000,401.0,0.002494,draftkings,40000.0,0.002494,0.0021232046713943052
pga_champ,PGA Championship Winner,Lee Hodges,35000,351.0,0.002849,draftkings,35000.0,0.002849,0.002062421063709661
pga_champ,PGA Championship Winner,Phil Mickelson,40000,401.0,0.002494,lowvig,30000.0,0.003322,0.002057690471684217
pga_champ,PGA Championship Winner,Kevin Yu,30000,301.0,0.003322,draftkings,30000.0,0.003322,0.0020310229275709835
pga_champ,PGA Championship Winner,Nicholas Dunlap,30000,301.0,0.003322,bovada,,,0.0020198903832522107
pga_champ,PGA Championship Winner,Adam Hadwin,30000,301.0,0.003322,betmgm,,,0.0019870334404209974
pga_champ,PGA Championship Winner,Matthieu Pavon,50000,501.0,0.001996,draftkings,50000.0,0.001996,0.0017533688008989938
pga_champ,PGA Championship Winner,Karl Vilips,35000,351.0,0.002849,draftkings,35000.0,0.002849,0.0017418375438439894
pga_champ,PGA Championship Winner,Laurie Canter,35000,351.0,0.002849,draftkings,35000.0,0.002849,0.0017418375438439894
pga_champ,PGA Championship Winner,Elvis Smylie,40000,401.0,0.002494,draftkings,40000.0,0.002494,0.0015247956596514249
pga_champ,PGA Championship Winner,Nicolas Echavarria,40000,401.0,0.002494,draftkings,40000.0,0.002494,0.0015247956596514249
pga_champ,PGA Championship Winner,Martin Kaymer,100000,1001.0,0.000999,draftkings,100000.0,0.000999,0.0014286944589519464
pga_champ,PGA Championship Winner,Beau Hossler,45000,451.0,0.002217,draftkings,45000.0,0.002217,0.0014236061455199938
pga_champ,PGA Championship Winner,Angel Cabrera,50000,501.0,0.001996,espnbet,,,0.0012431985330755584
pga_champ,PGA Championship Winner,Padraig Harrington,100000,1001.0,0.000999,draftkings,100000.0,0.000999,0.0008835667242786661
pga_champ,PGA Championship Winner,Vijay Singh,100000,1001.0,0.000999,draftkings,100000.0,0.000999,0.0008235941056097436
pga_champ,PGA Championship Winner,Jimmy Walker,100000,1001.0,0.000999,betmgm,100000.0,0.000999,0.0008171727712724257
pga_champ,PGA Championship Winner,Jason Dufner,100000,1001.0,0.000999,betmgm,100000.0,0.000999,0.0007482445960918837
pga_champ,PGA Championship Winner,Michael Block,100000,1001.0,0.000999,draftkings,100000.0,0.000999,0.0006107742036855548
us_open,US Open Winner,Scottie Scheffler,400,5.0,0.2,betmgm,320.0,0.238095,0.1563642911068632
us_open,US Open Winner,Rory McIlroy,900,10.0,0.1,betonlineag,800.0,0.111111,0.0714239451961128
us_open,US Open Winner,Bryson DeChambeau,1400,15.0,0.066667,betonlineag,1000.0,0.090909,0.059834802714616594
us_open,US Open Winner,Jon Rahm,1600,17.0,0.058824,betonlineag,1200.0,0.076923,0.04699610946084344
us_open,US Open Winner,Xander Schauffele,2000,21.0,0.047619,betonlineag,1800.0,0.052632,0.03270691197588413
us_open,US Open Winner,Tommy Fleetwood,2200,23.0,0.043478,betrivers,2000.0,0.047619,0.03162338099632186
us_open,US Open Winner,Ludvig Aberg,2500,26.0,0.038462,betonlineag,2000.0,0.047619,0.02984167914011123
us_open,US Open Winner,Collin Morikawa,3500,36.0,0.027778,betonlineag,2200.0,0.043478,0.022240161123753415
us_open,US Open Winner,Viktor Hovland,4000,41.0,0.02439,betonlineag,2800.0,0.034483,0.02033193518219947
us_open,US Open Winner,Tyrrell Hatton,4000,41.0,0.02439,betonlineag,3500.0,0.027778,0.01947119266091475
us_open,US Open Winner,Justin Thomas,4000,41.0,0.02439,betonlineag,3500.0,0.027778,0.01893286241427594
us_open,US Open Winner,Cameron Young,5000,51.0,0.019608,draftkings,5000.0,0.019608,0.016929176850321605
us_open,US Open Winner,Christopher Gotterup,4500,46.0,0.021739,draftkings,4500.0,0.021739,0.01657734776337049
us_open,US Open Winner,Brooks Koepka,5000,51.0,0.019608,espnbet,4000.0,0.02439,0.016346792455056432
us_open,US Open Winner,Hideki Matsuyama,5000,51.0,0.019608,betmgm,5000.0,0.019608,0.016047921480685682
us_open,US Open Winner,Justin Rose,5000,51.0,0.019608,betmgm,5000.0,0.019608,0.015428157393080389
us_open,US Open Winner,Joaquin Niemann,6000,61.0,0.016393,betonlineag,4000.0,0.02439,0.01434085101437776
us_open,US Open Winner,Robert Macintyre,5500,56.0,0.017857,betonlineag,5000.0,0.019608,0.013878377645598561
us_open,US Open Winner,Shane Lowry,6000,61.0,0.016393,betonlineag,5500.0,0.017857,0.013754014319271713
us_open,US Open Winner,Patrick Reed,6600,67.0,0.014925,betmgm,4000.0,0.02439,0.01354119923470804
us_open,US Open Winner,Patrick Cantlay,8000,81.0,0.012346,betonlineag,4500.0,0.021739,0.01347601699558643
us_open,US Open Winner,Ben Griffin,5000,51.0,0.019608,betonlineag,5000.0,0.019608,0.013284060845092106
us_open,US Open Winner,Russell Henley,5500,56.0,0.017857,draftkings,5500.0,0.017857,0.012935808401212367
us_open,US Open Winner,Sepp Straka,9000,91.0,0.010989,draftkings,9000.0,0.010989,0.012493395543001119
us_open,US Open Winner,Jordan Spieth,7500,76.0,0.013158,betonlineag,5000.0,0.019608,0.011715645792634372
us_open,US Open Winner,Matthew Fitzpatrick,6600,67.0,0.014925,betrivers,6500.0,0.015152,0.01146719650347969
us_open,US Open Winner,Sam Burns,8000,81.0,0.012346,betonlineag,5500.0,0.017857,0.011384950480150011
us_open,US Open Winner,Corey Conners,10000,101.0,0.009901,betonlineag,6000.0,0.016393,0.01028652186558634
us_open,US Open Winner,Si Woo Kim,12500,126.0,0.007937,fanduel,8000.0,0.012346,0.009957010031084023
us_open,US Open Winner,J. J. Spaun,8000,81.0,0.012346,betmgm,8000.0,0.012346,0.008846493120722177
us_open,US Open Winner,Min Woo Lee,10000,101.0,0.009901,betonlineag,9000.0,0.010989,0.007709466601120408
us_open,US Open Winner,Harris English,12500,126.0,0.007937,betonlineag,8000.0,0.012346,0.007381237628964844
us_open,US Open Winner,Jason Day,10000,101.0,0.009901,betonlineag,10000.0,0.009901,0.007323706209881938
us_open,US Open Winner,Maverick Mcnealy,13500,136.0,0.007353,betonlineag,9000.0,0.010989,0.007286926323656763
us_open,US Open Winner,Adam Scott,10000,101.0,0.009901,betonlineag,10000.0,0.009901,0.007226206809619747
us_open,US Open Winner,Wyndham Clark,13500,136.0,0.007353,betonlineag,9000.0,0.010989,0.007147672607802824
us_open,US Open Winner,Tony Finau,15000,151.0,0.006623,betonlineag,9000.0,0.010989,0.0068429998804685034
us_open,US Open Winner,Will Zalatoris,12500,126.0,0.007937,betonlineag,11000.0,0.009009,0.006726653710682198
us_open,US Open Winner,Akshay Bhatia,12500,126.0,0.007937,espnbet,12000.0,0.008264,0.006688233581304858
us_open,US Open Winner,Marco Penge,12500,126.0,0.007937,betonlineag,,,0.00667011910263677
us_open,US Open Winner,Keegan Bradley,13500,136.0,0.007353,betonlineag,10000.0,0.009901,0.0062862774680756345
us_open,US Open Winner,Cameron Smith,12000,121.0,0.008264,draftkings,12000.0,0.008264,0.006273778619798562
us_open,US Open Winner,David Puig,10000,101.0,0.009901,draftkings,10000.0,0.009901,0.00622560704541782
us_open,US Open Winner,Sungjae Im,15000,151.0,0.006623,betonlineag,10000.0,0.009901,0.0061303801557132664
us_open,US Open Winner,Michael Brennan,10000,101.0,0.009901,espnbet,,,0.006129086573579991
us_open,US Open Winner,Rasmus Neergaard-Petersen,25000,251.0,0.003984,draftkings,25000.0,0.003984,0.005958630754573875
us_open,US Open Winner,Joohyung Kim,15000,151.0,0.006623,draftkings,15000.0,0.006623,0.005954509252503045
us_open,US Open Winner,Daniel Berger,15000,151.0,0.006623,betonlineag,10000.0,0.009901,0.005835090615173217
us_open,US Open Winner,Carlos Ortiz,16500,166.0,0.006024,betonlineag,,,0.005609406916301883
us_open,US Open Winner,Taylor Pendrith,15000,151.0,0.006623,betonlineag,14000.0,0.007092,0.005485268503055389
us_open,US Open Winner,Ryan Fox,20000,201.0,0.004975,betonlineag,,,0.005448285953500394
us_open,US Open Winner,Alexander Noren,15000,151.0,0.006623,betonlineag,15000.0,0.006623,0.005419287260104075
us_open,US Open Winner,Max Homa,16500,166.0,0.006024,betonlineag,10000.0,0.009901,0.005247732407557879
us_open,US Open Winner,Dean Burmester,12000,121.0,0.008264,draftkings,12000.0,0.008264,0.005196284882671737
us_open,US Open Winner,Jake Knapp,20000,201.0,0.004975,draftkings,20000.0,0.004975,0.005093837704611219
us_open,US Open Winner,Sahith Theegala,20000,201.0,0.004975,betonlineag,13000.0,0.007634,0.005006010202981997
us_open,US Open Winner,Rickie Fowler,20000,201.0,0.004975,draftkings,20000.0,0.004975,0.004929191527497718
us_open,US Open Winner,Jayden Trey Schaper,12500,126.0,0.007937,espnbet,,,0.004913297660287283
us_open,US Open Winner,Sami Välimäki,12500,126.0,0.007937,espnbet,,,0.004913297660287283
us_open,US Open Winner,Aaron Rai,17500,176.0,0.005682,betonlineag,15000.0,0.006623,0.004700266844540109
us_open,US Open Winner,Kurt Kitayama,15000,151.0,0.006623,betmgm,,,0.004533932697586396
us_open,US Open Winner,Sergio Garcia,14000,141.0,0.007092,draftkings,14000.0,0.007092,0.004459348062428359
us_open,US Open Winner,Dustin Johnson,22500,226.0,0.004425,betonlineag,15000.0,0.006623,0.004431824486129839
us_open,US Open Winner,J.T. Poston,22500,226.0,0.004425,betonlineag,15000.0,0.006623,0.004315622374399651
us_open,US Open Winner,Keith Mitchell,20000,201.0,0.004975,betonlineag,15000.0,0.006623,0.004315327220539537
us_open,US Open Winner,Byeong Hun An,17500,176.0,0.005682,fanduel,12000.0,0.008264,0.004296933055597958
us_open,US Open Winner,Davis Thompson,17500,176.0,0.005682,betonlineag,17000.0,0.005848,0.004287506256333754
us_open,US Open Winner,Rasmus Hojgaard,17500,176.0,0.005682,betonlineag,15000.0,0.006623,0.0042215004366453505
us_open,US Open Winner,Nick Taylor,30000,301.0,0.003322,draftkings,30000.0,0.003322,0.004211490423244535
us_open,US Open Winner,Nicolai Hojgaard,17500,176.0,0.005682,betonlineag,15000.0,0.006623,0.004203267424561375
us_open,US Open Winner,Kristoffer Reitan,15000,151.0,0.006623,espnbet,,,0.00409988287817597
us_open,US Open Winner,Andrew Novak,20000,201.0,0.004975,betonlineag,18000.0,0.005525,0.003971885431738484
us_open,US Open Winner,Denny McCarthy,22500,226.0,0.004425,betonlineag,15000.0,0.006623,0.00395305807823508
us_open,US Open Winner,Max Greyserman,20000,201.0,0.004975,betonlineag,20000.0,0.004975,0.003928815929558652
us_open,US Open Winner,Thomas Detry,22500,226.0,0.004425,betonlineag,20000.0,0.004975,0.00380502396319838
us_open,US Open Winner,Brian Harman,25000,251.0,0.003984,betonlineag,15000.0,0.006623,0.003772647488668465
us_open,US Open Winner,Michael Thorbjornsen,20000,201.0,0.004975,betonlineag,,,0.00371857801576677
us_open,US Open Winner,Bud Cauley,20000,201.0,0.004975,draftkings,20000.0,0.004975,0.0036413882534115285
us_open,US Open Winner,Sam Stevens,20000,201.0,0.004975,draftkings,20000.0,0.004975,0.0036413882534115285
us_open,US Open Winner,Tom McKibbin,25000,251.0,0.003984,draftkings,25000.0,0.003984,0.0035978816067178524
us_open,US Open Winner,Ryan Gerard,25000,251.0,0.003984,draftkings,25000.0,0.003984,0.003529980968902781
us_open,US Open Winner,Harry Hall,35000,351.0,0.002849,draftkings,35000.0,0.002849,0.0034966034109793083
us_open,US Open Winner,Michael Kim,30000,301.0,0.003322,betonlineag,15000.0,0.006623,0.0034769950083729712
us_open,US Open Winner,Gary Woodland,20000,201.0,0.004975,espnbet,20000.0,0.004975,0.0034541620677243224
us_open,US Open Winner,John Keefer,25000,251.0,0.003984,betonlineag,,,0.003351862442114242
us_open,US Open Winner,Mackenzie Hughes,20000,201.0,0.004975,draftkings,20000.0,0.004975,0.003346246456753876
us_open,US Open Winner,Davis Riley,25000,251.0,0.003984,betmgm,20000.0,0.004975,0.003243100180974278
us_open,US Open Winner,Matt McCarty,40000,401.0,0.002494,draftkings,40000.0,0.002494,0.003200758827452868
us_open,US Open Winner,Billy Horschel,20000,201.0,0.004975,draftkings,20000.0,0.004975,0.0031282087719375472
us_open,US Open Winner,Taylor Moore,20000,201.0,0.004975,draftkings,20000.0,0.004975,0.0031282087719375472
us_open,US Open Winner,Stephan Jaeger,20000,201.0,0.004975,betmgm,20000.0,0.004975,0.0031244980505509426
us_open,US Open Winner,Lucas Glover,35000,351.0,0.002849,betonlineag,20000.0,0.004975,0.0030240149516011752
us_open,US Open Winner,Thorbjorn Olesen,25000,251.0,0.003984,draftkings,25000.0,0.003984,0.002812934744722791
us_open,US Open Winner,Tom Hoge,35000,351.0,0.002849,betonlineag,25000.0,0.003984,0.0026913385785245813
us_open,US Open Winner,Jhonattan Vegas,30000,301.0,0.003322,draftkings,30000.0,0.003322,0.002604806683715489
us_open,US Open Winner,Jacob Bridgeman,30000,301.0,0.003322,draftkings,30000.0,0.003322,0.0025558915912300205
us_open,US Open Winner,Seamus Power,25000,251.0,0.003984,draftkings,25000.0,0.003984,0.0025050821602812436
us_open,US Open Winner,Cameron Davis,25000,251.0,0.003984,betmgm,25000.0,0.003984,0.0025021105996773777
us_open,US Open Winner,Christiaan Bezuidenhout,25000,251.0,0.003984,betmgm,25000.0,0.003984,0.0025021105996773777
us_open,US Open Winner,Erik van Rooyen,25000,251.0,0.003984,betmgm,25000.0,0.003984,0.0025021105996773777
us_open,US Open Winner,Adam Hadwin,25000,251.0,0.003984,betmgm,,,0.002499139039073512
us_open,US Open Winner,Victor Perez,25000,251.0,0.003984,betmgm,,,0.002499139039073512
us_open,US Open Winner,Laurie Canter,35000,351.0,0.002849,draftkings,35000.0,0.002849,0.002435560053325716
us_open,US Open Winner,Austin Eckroat,40000,401.0,0.002494,draftkings,40000.0,0.002494,0.0023444894110356608
us_open,US Open Winner,Matt Wallace,40000,401.0,0.002494,draftkings,40000.0,0.002494,0.0023444894110356608
us_open,US Open Winner,Chris Kirk,30000,301.0,0.003322,draftkings,30000.0,0.003322,0.0022939825386700755
us_open,US Open Winner,Tiger Woods,35000,351.0,0.002849,betonlineag,25000.0,0.003984,0.002254689533081289
us_open,US Open Winner,Eric Cole,35000,351.0,0.002849,draftkings,35000.0,0.002849,0.002145274724687517
us_open,US Open Winner,Kevin Yu,30000,301.0,0.003322,draftkings,30000.0,0.003322,0.0020888260382666396
us_open,US Open Winner,Patrick Rodgers,30000,301.0,0.003322,draftkings,30000.0,0.003322,0.0020888260382666396
us_open,US Open Winner,Ben Campbell,30000,301.0,0.003322,betmgm,,,0.002083870453765614
us_open,US Open Winner,Joe Highsmith,30000,301.0,0.003322,betmgm,,,0.002083870453765614
us_open,US Open Winner,Nicholas Dunlap,30000,301.0,0.003322,betmgm,,,0.002083870453765614
us_open,US Open Winner,Padraig Harrington,30000,301.0,0.003322,espnbet,,,0.002056441328899377
us_open,US Open Winner,Karl Vilips,35000,351.0,0.002849,draftkings,35000.0,0.002849,0.001791410410301522
us_open,US Open Winner,Lee Hodges,35000,351.0,0.002849,draftkings,35000.0,0.002849,0.001791410410301522
us_open,US Open Winner,Phil Mickelson,50000,501.0,0.001996,betonlineag,30000.0,0.003322,0.001690885961763315
us_open,US Open Winner,Matthieu Pavon,50000,501.0,0.001996,draftkings,50000.0,0.001996,0.001669463338318721
us_open,US Open Winner,Elvis Smylie,40000,401.0,0.002494,draftkings,40000.0,0.002494,0.0015681914929069835
us_open,US Open Winner,Nicolas Echavarria,40000,401.0,0.002494,draftkings,40000.0,0.002494,0.0015681914929069835
us_open,US Open Winner,Beau Hossler,45000,451.0,0.002217,draftkings,45000.0,0.002217,0.0013940178587709632
us_open,US Open Winner,Garrick Higgo,45000,451.0,0.002217,draftkings,45000.0,0.002217,0.0013940178587709632
us_open,US Open Winner,Ryo Hisatsune,45000,451.0,0.002217,draftkings,45000.0,0.002217,0.0013940178587709632
